John,N00000001,john@amail.com
Kelly,N00000002,kelly@bmail.com
Nicky,N00000003,nicky@cmail.com
Sam,N00000004,sam@dmail.com
Adam,N00000005,adam@amail.com
Crystal,N00000006,crystal@amail.com
Adrian,N00000007,adrian@amail.com
Ricky,N00000008,ricky@amail.com
Eric,N00000009,eric@amail.com